{
  "cu_name": "CU3",
  "fitted_params": {
    "alpha_an": 1.0851691875896594,
    "beta_an": -0.0029939416373871816,
    "alpha_ca": 1.1654384404038276,
    "beta_ca": -0.15182816481118275,
    "gamma_blend2_an": null,
    "gamma_blend2_ca": null,
    "inhom_an": null,
    "inhom_ca": null,
    "utilization_an": 0.9215152912894309,
    "utilization_ca": 0.8580461784437943,
    "sto_init_an": 0.002758963000080404,
    "sto_init_ca": 0.8697244234036301,
    "sto_window_an": [
      0.002758963000080404,
      0.9242742542895113
    ],
    "sto_window_ca": [
      0.8697244234036301,
      0.011678244959835826
    ]
  },
  "degradation_modes": {
    "lam_anode": 0.004380262176958454,
    "lam_cathode": 0.013634999627884148,
    "lli": 0.053611303592104594,
    "capacity_loss": 0.04872998175035352,
    "lam_anode_blend1": 0.004380262176958454,
    "lam_anode_blend2": 0.0,
    "lam_cathode_blend1": 0.013634999627884148,
    "lam_cathode_blend2": 0.0
  },
  "capacity": 4.252850335473201,
  "rmse_fit_region": 0.006178264671027668,
  "rmse_full_range": 0.006178264671027668,
  "rmse_dva": 1.097107702201408,
  "cost": 0.00748502928288035,
  "rmse": 0.006178264671027668,
  "n_accepted_runs": 2,
  "n_total_runs": 2,
  "is_accepted": true,
  "status": "accepted",
  "algorithm": "differential_evolution"
}