{
  "cu_name": "CU3",
  "fitted_params": {
    "alpha_an": 1.0852220325071922,
    "beta_an": -0.0029937380969914506,
    "alpha_ca": 1.1655332486257046,
    "beta_ca": -0.1518929838426402,
    "gamma_blend2_an": null,
    "gamma_blend2_ca": null,
    "inhom_an": null,
    "inhom_ca": null,
    "utilization_an": 0.9214704180762867,
    "utilization_ca": 0.8579763822088413,
    "sto_init_an": 0.002758641095845619,
    "sto_init_ca": 0.8696794072397855,
    "sto_window_an": [
      0.002758641095845619,
      0.9242290591721324
    ],
    "sto_window_ca": [
      0.8696794072397855,
      0.011703025030944225
    ]
  },
  "degradation_modes": {
    "lam_anode": 0.004210584208731612,
    "lam_cathode": 0.013515477836173155,
    "lli": 0.05357559542435238,
    "capacity_loss": 0.04872998175035352,
    "lam_anode_blend1": 0.004210584208731612,
    "lam_anode_blend2": 0.0,
    "lam_cathode_blend1": 0.013515477836173155,
    "lam_cathode_blend2": 0.0
  },
  "capacity": 4.252850335473201,
  "rmse_fit_region": 0.006177875971744219,
  "rmse_full_range": 0.006177875971744219,
  "rmse_dva": 1.0969609260269946,
  "cost": 0.007484971115034659,
  "rmse": 0.006177875971744219,
  "n_accepted_runs": 2,
  "n_total_runs": 2,
  "is_accepted": true,
  "status": "accepted",
  "algorithm": "differential_evolution"
}