{
  "cu_name": "CU3",
  "fitted_params": {
    "alpha_an": 1.0852040803116934,
    "beta_an": -0.0029931909320293974,
    "alpha_ca": 1.1655518800982272,
    "beta_ca": -0.15190628924645316,
    "gamma_blend2_an": null,
    "gamma_blend2_ca": null,
    "inhom_an": null,
    "inhom_ca": null,
    "utilization_an": 0.9214856616764462,
    "utilization_ca": 0.8579626673638283,
    "sto_init_an": 0.002758182526525048,
    "sto_init_ca": 0.8696700748887718,
    "sto_window_an": [
      0.002758182526525048,
      0.9242438442029712
    ],
    "sto_window_ca": [
      0.8696700748887718,
      0.01170740752494348
    ]
  },
  "degradation_modes": {
    "lam_anode": 0.004213166576085297,
    "lam_cathode": 0.01350732226317581,
    "lli": 0.05357565392453983,
    "capacity_loss": 0.04872998175035352,
    "lam_anode_blend1": 0.004213166576085297,
    "lam_anode_blend2": 0.0,
    "lam_cathode_blend1": 0.01350732226317581,
    "lam_cathode_blend2": 0.0
  },
  "capacity": 4.252850335473201,
  "rmse_fit_region": 0.006177822778171393,
  "rmse_full_range": 0.006177822778171393,
  "rmse_dva": 1.0965826911596859,
  "cost": 0.0074849660119257425,
  "rmse": 0.006177822778171393,
  "n_accepted_runs": 2,
  "n_total_runs": 2,
  "is_accepted": true,
  "status": "accepted",
  "algorithm": "differential_evolution"
}